PERSON_ID,PERSON_GENDER,PERSON_BIRTHDATE,PERSON_ACTIVE,ATTACHMENT_ID,ORGANIZATION_ID
perjf7pfoah,male,1991-08-02 00:00:00.000,true,attjf7pfoai,null
perjfmbphno,male,1991-01-11 00:00:00.000,true,attjfmbphnp,null
perjfs005c8,male,1991-01-11 00:00:00.000,true,attjfs005c9,null
perjg1m9nxr,male,1991-01-11 00:00:00.000,true,attjg1m9nxs,null
perjg1mamjp,male,1991-01-11 00:00:00.000,true,attjg1mamjq,null
perjg1mi4cc,male,1991-01-11 00:00:00.000,true,attjg1mi4cd,null
perjg1miu12,male,1991-01-11 00:00:00.000,true,attjg1miu13,null
perjg1moryh,male,1991-01-11 00:00:00.000,true,attjg1moryi,null
perjg1msabz,male,1991-01-11 00:00:00.000,true,attjg1msac0,null
perjg1mx5gs,male,1991-01-11 00:00:00.000,true,attjg1mx5gt,null
perjg1mzdef,male,1991-01-11 00:00:00.000,true,attjg1mzdeg,null
perjg1n3mct,male,1991-01-11 00:00:00.000,true,attjg1n3mcu,null
perjg1n6y56,male,1991-01-11 00:00:00.000,true,attjg1n6y57,null
perjg1n9u3h,male,1991-01-11 00:00:00.000,true,attjg1n9u3i,null
perjg1nb37f,male,1991-01-11 00:00:00.000,true,attjg1nb37g,null
perjg1ne2yr,male,1991-01-11 00:00:00.000,true,attjg1ne2ys,null
perjg1nga0z,male,1991-01-11 00:00:00.000,true,attjg1nga10,null
perjg1oztv4,male,1991-01-11 00:00:00.000,true,attjg1oztv5,null
